{
 "align_labels_right": 0, 
 "creation": "2018-11-18 22:04:32.771774", 
 "custom_format": 0, 
 "default_print_language": "ar", 
 "disabled": 0, 
 "doc_type": "Person", 
 "docstatus": 0, 
 "doctype": "Print Format", 
 "font": "Default", 
 "format_data": "[{\"fieldname\": \"print_heading_template\", \"fieldtype\": \"Custom HTML\", \"options\": \"<div class=\\\"print-heading\\\">\\t\\t\\t\\t<h2>Person<br><small>{{ doc.name }}</small>\\t\\t\\t\\t</h2></div>\"}, {\"fieldtype\": \"Section Break\", \"label\": \"\"}, {\"fieldtype\": \"Column Break\"}, {\"print_hide\": 0, \"fieldname\": \"image\", \"label\": \"\\u0635\\u0648\\u0631\\u0629\"}, {\"print_hide\": 0, \"fieldname\": \"employee_name\", \"label\": \"\\u0627\\ufefb\\u0633\\u0645\"}, {\"print_hide\": 0, \"fieldname\": \"gender\", \"label\": \"\\u062c\\u0646\\u0633\"}, {\"print_hide\": 0, \"fieldname\": \"country\", \"label\": \"\\u0627\\u0644\\u062f\\u0648\\u0644\\u0629\"}, {\"fieldtype\": \"Column Break\"}, {\"print_hide\": 0, \"fieldname\": \"english_name\", \"label\": \"\\u0627\\ufefb\\u0633\\u0645 \\u0628\\u0627\\ufefb\\u0646\\u062c\\u0644\\u064a\\u0632\\u064a\"}, {\"print_hide\": 0, \"fieldname\": \"reports_to\", \"label\": \"\\u062a\\u0642\\u0631\\u064a\\u0631 \\u0625\\u0644\\u0649\"}, {\"print_hide\": 0, \"fieldname\": \"parent_person\", \"label\": \"\\u062a\\u0642\\u0631\\u064a\\u0631 \\u0625\\u0644\\u0649 - \\u0627\\ufefb\\u0633\\u0645\"}]", 
 "idx": 0, 
 "line_breaks": 0, 
 "modified": "2018-11-18 22:11:08.976679", 
 "modified_by": "Administrator", 
 "module": "Info Analysis", 
 "name": "Person_pf", 
 "owner": "Administrator", 
 "print_format_builder": 1, 
 "print_format_type": "Server", 
 "show_section_headings": 0, 
 "standard": "Yes"
}